id;login;password;first_name;last_name;email;activated;lang_key;image_url;activation_key;reset_key;reset_date
1;parse Customer Rhode IslandXXXXXXXXXXXXXXXXXXXXXXX;Accounts navigating ErgonomicXXXXXXXXXXXXXXXXXXXXXXXXXXXXXXX;Issac;DuBuque;Demetrius60@gmail.com;false;SMTP;Checking Account global Steel;Borders Springs connecting;SAS;2019-08-30T21:27:10
2;California PNG engageXXXXXXXXXXXXXXXXXXXXXXXXXXXXX;BurgXXXXXXXXXXXXXXXXXXXXXXXXXXXXXXXXXXXXXXXXXXXXXXXXXXXXXXXX;Heidi;Romaguera;Liliane_Nikolaus21@hotmail.com;true;Checking Account;seamless New York mesh;Unbranded array;Berkshire solid state;2019-08-31T01:10:53
3;Home Loan AccountXXXXXXXXXXXXXXXXXXXXXXXXXXXXXXXXX;CFP Franc back-end ViaXXXXXXXXXXXXXXXXXXXXXXXXXXXXXXXXXXXXXX;Ronny;Kulas;Destin.Bergstrom@hotmail.com;true;Berkshire concept;Illinois robust;Granite Rubber;enable;2019-08-30T17:57:16
4;Mouse RupiahXXXXXXXXXXXXXXXXXXXXXXXXXXXXXXXXXXXXXX;Human MissionXXXXXXXXXXXXXXXXXXXXXXXXXXXXXXXXXXXXXXXXXXXXXXX;Marc;Wiza;Leanna4@gmail.com;true;B2B;Chair Awesome;Kiribati;cyan innovative;2019-08-30T22:36:59
5;LempiraXXXXXXXXXXXXXXXXXXXXXXXXXXXXXXXXXXXXXXXXXXX;LicensedXXXXXXXXXXXXXXXXXXXXXXXXXXXXXXXXXXXXXXXXXXXXXXXXXXXX;Jayde;Murazik;Arnaldo.Langosh92@hotmail.com;false;Home;primary quantify Chips;Guyana;Bedfordshire Auto Loan Account back-end;2019-08-30T23:35:51
6;bypass Games Customer-focusedXXXXXXXXXXXXXXXXXXXXX;Bond Markets Units European Composite Unit (EURCO) connecting generate;Alexander;Breitenberg;Isadore.Herman@hotmail.com;false;optimal;Chair Kentucky;blue internet solution Concrete;distributed Ranch impactful;2019-08-30T19:07:36
7;Club NebraskaXXXXXXXXXXXXXXXXXXXXXXXXXXXXXXXXXXXXX;Nevada quantify architecturesXXXXXXXXXXXXXXXXXXXXXXXXXXXXXXX;Brandyn;Hodkiewicz;Eudora_Hettinger60@gmail.com;true;dot-com;methodology Integration Music;Pants;Avon;2019-08-30T14:16:44
8;GorgeousXXXXXXXXXXXXXXXXXXXXXXXXXXXXXXXXXXXXXXXXXX;Car Internal SmallXXXXXXXXXXXXXXXXXXXXXXXXXXXXXXXXXXXXXXXXXX;Judge;Auer;Maverick.Wunsch89@yahoo.com;false;Agent TCP;Engineer Bedfordshire feed;Assurance Nebraska Mississippi;synthesizing;2019-08-31T05:46:36
9;DirectorXXXXXXXXXXXXXXXXXXXXXXXXXXXXXXXXXXXXXXXXXX;channels Buckinghamshire Open-sourceXXXXXXXXXXXXXXXXXXXXXXXX;Betsy;Quigley;Ocie58@yahoo.com;true;Applications;Montenegro;frictionless;Rubber Awesome Frozen Mouse;2019-08-31T02:57:43
10;primary Customer-focused UAE DirhamXXXXXXXXXXXXXXX;Rubber Mall Investment AccountXXXXXXXXXXXXXXXXXXXXXXXXXXXXXX;Penelope;Heidenreich;Toby_Stark96@gmail.com;false;Mobility;Implementation Shirt Unbranded Soft Fish;Refined Soft Keyboard synthesizing;indigo Bacon Mouse;2019-08-30T15:08:56
